jordan,jalieb0812@gmail.com,2019-11-01,2019-11-01,Chaser,,Estates
jordan,jalieb0812@gmail.com,2019-09-13,2019-09-13,Keeper,,Corporations
monica racic,jalieb0812@gmail.com,2019-09-06,Chaser,,,Corporations
scott,jalieb0812@gmail.com,2019-09-03,Chaser,good,Real estate
johan,johan@gmail.com,2019-09-04,Beater,awsome,Real estate
Monica Racic,moinca@gmail.com,2019-09-02,Keeper,shitty,Real estate
Scott lazes,jalieb0812@gmail.com,2019-09-02,Keeper,shitty,Corporations
jo,johan@gmail.com,2019-09-19,Keeper,really bad,Real estate
jo,johan@gmail.com,2019-09-19,Keeper,really bad,Real estate
jor,johan@gmail.com,2019-09-21,Keeper,really bad,Corporations
jo,johan@gmail.com,2019-09-07,Keeper,really bad,Corporations
jo,johan@gmail.com,2019-09-06,Keeper,really bad,Corporations
jo,johan@gmail.com,2019-09-04,Keeper,shitty,Estates
jordan,jalieb0812@gmail.com,2019-09-11,Keeper,awsome,Estates
jor,jalieb0812@gmail.com,2019-09-11,Keeper,awsome,Estates
jor,jalieb0812@gmail.com,2019-09-11,Keeper,awsome,Estates
jor,jalieb0812@gmail.com,2019-09-11,Keeper,awsome,Estates
jor,jalieb0812@gmail.com,2019-09-11,Keeper,awsome,Estates
jo,jalieb0812@gmail.com,2019-09-11,Keeper,awsome,Estates
jo,jalieb0812@gmail.com,2019-09-09,Seeker,really bad,Estates
jo,jalieb0812@gmail.com,2019-09-09,Seeker,really bad,Estates
jo,jalieb0812@gmail.com,2019-09-30,Seeker,really bad,Estates
jo,jalieb0812@gmail.com,2019-09-30,Seeker,really bad,Estates
jord,johan@gmail.com,2019-09-12,Keeper,really bad,Estates
jo,johan@gmail.com,2019-09-06,Keeper,awsome,Leasing
jo,johan@gmail.com,2019-09-04,Keeper,awsome,Leasing
jo,johan@gmail.com,2019-09-04,Keeper,awsome,Leasing
jo,johan@gmail.com,2019-09-04,Keeper,awsome,Leasing
jo,johan@gmail.com,2019-09-04,Keeper,awsome,Leasing
jorda,jalieb0812@gmail.com,2019-09-11,Keeper,awsome,Real estate
jorda,johan@gmail.com,2019-09-03,Keeper,really bad,Estates
Jordan,johan@gmail.com,2019-09-04,Keeper,good,Leasing
jordan,johan@gmail.com,Beater,awsome,Corporations
jordan,jalieb0812@gmail.com,Chaser,really bad,Real estate
jordan,jalieb0812@gmail.com,Chaser,really bad,Real estate
jorda,jalieb0812@gmail.com,Chaser,really bad,Real estate
joda,johan@gmail.com,Beater,awsome,Corporations
jor,jalieb0812@gmail.com,Chaser,really bad,Real estate
joejqewor,jalieb0812@gmail.com,Chaser,really bad,Estates
jorda,johan@gmail.com,Keeper,shitty,Leasing
jod,jalieb0812@gmail.com,Chaser,shitty,Corporations
jaoseifjrw,johan@gmail.com,Beater,good,Estates
jorda,moinca@gmail.com,Chaser,good,Corporations
jwef,jalieb0812@gmail.com,Chaser,awsome,Estates
aeskef,johan@gmail.com,Keeper,awsome,Real estate
klzdlfSdfdf,johan@gmail.com,Seeker,awsome,Corporations
